,Reporter Code,Reporter,Partner Code,Partner,Trade Flow,Trade Value (US$),Trade Quantity,NetWeight
0,51,Armenia,0,World,Import,5840,2289,2289.0
1,51,Armenia,0,World,Export,769284972,429420264,429420164.0
2,51,Armenia,36,Australia,Export,10,8,8.0
3,51,Armenia,100,Bulgaria,Export,195554956,116779450,116779450.0
4,51,Armenia,156,China,Export,286159095,167187205,167187105.0
5,51,Armenia,268,Georgia,Export,23,98,98.0
6,51,Armenia,528,Netherlands,Export,38,443,443.0
7,51,Armenia,642,Romania,Export,5,26,26.0
8,51,Armenia,729,Sudan,Import,2548,49,49.0
9,51,Armenia,757,Switzerland,Export,287570272,145452450,145452450.0
10,51,Armenia,826,United Kingdom,Export,572,583,583.0
11,51,Armenia,899,"Areas, nes",Import,3292,2240,2240.0
12,31,Azerbaijan,0,World,Import,1721,80,80.0
13,31,Azerbaijan,0,World,Export,24737613,15753930,15753930.0
14,31,Azerbaijan,268,Georgia,Import,1013,45,45.0
15,31,Azerbaijan,372,Ireland,Export,280,1225,1225.0
16,31,Azerbaijan,528,Netherlands,Export,80,12,12.0
17,31,Azerbaijan,757,Switzerland,Export,15347169,9037075,9037075.0
18,31,Azerbaijan,792,Turkey,Import,76,19,19.0
19,31,Azerbaijan,792,Turkey,Export,1066056,511698,511698.0
20,31,Azerbaijan,860,Uzbekistan,Import,631,15,15.0
21,31,Azerbaijan,860,Uzbekistan,Export,8324026,6203920,6203920.0
22,36,Australia,0,World,Import,217638777,0,
23,36,Australia,0,World,Export,5778614749,1648649400,1648649400.0
24,36,Australia,100,Bulgaria,Export,41629380,10377300,10377300.0
25,36,Australia,124,Canada,Import,47776379,0,
26,36,Australia,152,Chile,Import,104282369,42465100,42465100.0
27,36,Australia,246,Finland,Export,133154285,36709300,36709300.0
28,36,Australia,398,Kazakhstan,Import,898,920,920.0
29,36,Australia,410,Rep. of Korea,Export,871244445,316852300,316852300.0
30,36,Australia,528,Netherlands,Export,24333633,5510000,5510000.0
31,36,Australia,604,Peru,Import,38595051,20099800,20099800.0
32,36,Australia,699,India,Export,735267244,141444000,141444000.0
33,36,Australia,710,South Africa,Import,26982468,2642050,2642050.0
34,36,Australia,724,Spain,Export,69196943,31313600,31313600.0
35,36,Australia,842,USA,Import,1610,34,34.0
36,36,Australia,899,"Areas, nes",Export,3903788816,1106442900,1106442900.0
37,56,Belgium,0,World,Import,2207502,0,
38,56,Belgium,0,World,Export,168317,41480,41480.0
39,56,Belgium,36,Australia,Import,33,1336,1336.0
40,56,Belgium,76,Brazil,Export,272,12788,12788.0
41,56,Belgium,276,Germany,Import,1877695,207927,207927.0
42,56,Belgium,392,Japan,Export,75804,14143,14143.0
43,56,Belgium,504,Morocco,Export,1,10,10.0
44,56,Belgium,528,Netherlands,Import,23681,4220,4220.0
45,56,Belgium,528,Netherlands,Export,2054,887,887.0
46,56,Belgium,604,Peru,Import,184,3,3.0
47,56,Belgium,616,Poland,Export,90184,13650,13650.0
48,56,Belgium,703,Slovakia,Import,302473,17641,17641.0
49,56,Belgium,757,Switzerland,Import,606,0,
50,56,Belgium,826,United Kingdom,Import,2481,500,500.0
51,56,Belgium,842,USA,Import,345,0,0.0
52,112,Belarus,0,World,Import,4700,3613,3613.0
53,112,Belarus,643,Russian Federation,Import,4700,3613,3613.0
54,68,Bolivia (Plurinational State of),0,World,Import,96,7,7.0
55,68,Bolivia (Plurinational State of),0,World,Export,14904767,10926339,1615753.0
56,68,Bolivia (Plurinational State of),104,Myanmar,Export,15334,23000,1648.0
57,68,Bolivia (Plurinational State of),152,Chile,Import,38,0,1.0
58,68,Bolivia (Plurinational State of),152,Chile,Export,5601547,5210454,601900.0
59,68,Bolivia (Plurinational State of),156,China,Import,58,6,6.0
60,68,Bolivia (Plurinational State of),156,China,Export,4383028,2309170,473793.0
61,68,Bolivia (Plurinational State of),398,Kazakhstan,Export,1864517,2191200,205330.0
62,68,Bolivia (Plurinational State of),604,Peru,Export,3040339,1192515,333080.0
63,854,Burkina Faso,0,World,Import,134,5,5.0
64,854,Burkina Faso,156,China,Import,134,5,5.0
65,124,Canada,0,World,Import,751281449,56311262,56311262.0
66,124,Canada,0,World,Export,4120195660,470466351,470466351.0
67,124,Canada,36,Australia,Import,3550,900,900.0
68,124,Canada,36,Australia,Export,46086805,3773012,3773012.0
69,124,Canada,56,Belgium,Export,8421954,182236,182236.0
70,124,Canada,72,Botswana,Import,51,7,7.0
71,124,Canada,76,Brazil,Import,76,19,19.0
72,124,Canada,100,Bulgaria,Export,79613758,8288170,8288170.0
73,124,Canada,116,Cambodia,Export,4224,9176,9176.0
74,124,Canada,124,Canada,Import,165,39,39.0
75,124,Canada,152,Chile,Import,91842332,10203919,10203919.0
76,124,Canada,156,China,Import,3944,752,752.0
77,124,Canada,156,China,Export,1699401535,185419898,185419898.0
78,124,Canada,170,Colombia,Import,20,5,5.0
79,124,Canada,196,Cyprus,Import,159,22,22.0
80,124,Canada,246,Finland,Export,183891828,31614427,31614427.0
81,124,Canada,251,France,Import,34,9,9.0
82,124,Canada,276,Germany,Import,955131,17341,17341.0
83,124,Canada,276,Germany,Export,233553711,35269009,35269009.0
84,124,Canada,300,Greece,Export,2654485,320753,320753.0
85,124,Canada,328,Guyana,Export,244,46,46.0
86,124,Canada,344,"China, Hong Kong SAR",Export,600799,69811,69811.0
87,124,Canada,392,Japan,Import,2780,300,300.0
88,124,Canada,392,Japan,Export,930464912,103940433,103940433.0
89,124,Canada,410,Rep. of Korea,Export,286680218,31369745,31369745.0
90,124,Canada,458,Malaysia,Export,1102731,205178,205178.0
91,124,Canada,484,Mexico,Import,122645660,3706449,3706449.0
92,124,Canada,490,"Other Asia, nes",Export,152451168,16770040,16770040.0
93,124,Canada,504,Morocco,Import,126,34,34.0
94,124,Canada,508,Mozambique,Export,91,18,18.0
95,124,Canada,586,Pakistan,Export,18744,3588,3588.0
96,124,Canada,604,Peru,Import,35160842,2250572,2250572.0
97,124,Canada,608,Philippines,Export,172502511,18374895,18374895.0
98,124,Canada,624,Guinea-Bissau,Import,0,0,0.0
99,124,Canada,682,Saudi Arabia,Import,4544338,113840,113840.0
100,124,Canada,699,India,Export,122548773,13337480,13337480.0
101,124,Canada,710,South Africa,Import,50,6,6.0
102,124,Canada,724,Spain,Import,74,8,8.0
103,124,Canada,724,Spain,Export,40205431,4272820,4272820.0
104,124,Canada,752,Sweden,Export,60105190,6216162,6216162.0
105,124,Canada,757,Switzerland,Import,4413184,421588,421588.0
106,124,Canada,764,Thailand,Export,352167,60324,60324.0
107,124,Canada,842,USA,Import,491708924,39595450,39595450.0
108,124,Canada,842,USA,Export,99534369,10969124,10969124.0
109,152,Chile,0,World,Import,48531068,0,
110,152,Chile,0,World,Export,29939060932,3121686674,3121686674.0
111,152,Chile,32,Argentina,Import,8607,25340,25340.0
112,152,Chile,36,Australia,Import,209,1,1.0
113,152,Chile,36,Australia,Export,107493536,11250000,11250000.0
114,152,Chile,68,Bolivia (Plurinational State of),Import,1042274,434967,434967.0
115,152,Chile,76,Brazil,Import,39279127,9505340,9505340.0
116,152,Chile,76,Brazil,Export,306028183,31650600,31650600.0
117,152,Chile,100,Bulgaria,Import,1767,63,63.0
118,152,Chile,100,Bulgaria,Export,363431489,38992300,38992300.0
119,152,Chile,124,Canada,Import,11489,0,
120,152,Chile,124,Canada,Export,101425146,10591300,10591300.0
121,152,Chile,152,Chile,Import,31441,296,296.0
122,152,Chile,156,China,Import,5480,168,168.0
123,152,Chile,156,China,Export,20112211140,2095540000,2095540000.0
124,152,Chile,170,Colombia,Import,926,2,2.0
125,152,Chile,218,Ecuador,Import,472,3,3.0
126,152,Chile,231,Ethiopia,Import,436,1,1.0
127,152,Chile,246,Finland,Export,234614811,24394900,24394900.0
128,152,Chile,268,Georgia,Export,117268597,12134200,12134200.0
129,152,Chile,276,Germany,Import,156,1,1.0
130,152,Chile,276,Germany,Export,549268964,57020200,57020200.0
131,152,Chile,300,Greece,Export,28758685,3005720,3005720.0
132,152,Chile,381,Italy,Import,315,0,
133,152,Chile,392,Japan,Import,7556,167,167.0
134,152,Chile,392,Japan,Export,4496891431,468674000,468674000.0
135,152,Chile,398,Kazakhstan,Import,48055,3360,3360.0
136,152,Chile,410,Rep. of Korea,Import,2319,61,61.0
137,152,Chile,410,Rep. of Korea,Export,1038211850,108453000,108453000.0
138,152,Chile,458,Malaysia,Export,121207914,12717100,12717100.0
139,152,Chile,484,Mexico,Import,791,38,38.0
140,152,Chile,484,Mexico,Export,91374582,9521520,9521520.0
141,152,Chile,490,"Other Asia, nes",Export,232231155,24198000,24198000.0
142,152,Chile,516,Namibia,Export,23728787,2459030,2459030.0
143,152,Chile,558,Nicaragua,Import,164,13,13.0
144,152,Chile,604,Peru,Import,8078549,3449110,3449110.0
145,152,Chile,604,Peru,Export,112047294,11780200,11780200.0
146,152,Chile,608,Philippines,Export,231198075,24630000,24630000.0
147,152,Chile,616,Poland,Import,152,2,2.0
148,152,Chile,616,Poland,Export,27559736,2918070,2918070.0
149,152,Chile,699,India,Export,889756491,93136400,93136400.0
150,152,Chile,710,South Africa,Export,1316,136,136.0
151,152,Chile,724,Spain,Import,928,17,17.0
152,152,Chile,724,Spain,Export,612501077,63837100,63837100.0
153,152,Chile,752,Sweden,Export,51317418,5350630,5350630.0
154,152,Chile,757,Switzerland,Export,1408682,146518,146518.0
155,152,Chile,764,Thailand,Import,96,1,1.0
156,152,Chile,792,Turkey,Import,1355,1,1.0
157,152,Chile,792,Turkey,Export,75668187,7908190,7908190.0
158,152,Chile,826,United Kingdom,Import,2737,114,114.0
159,152,Chile,842,USA,Import,5656,106,106.0
160,152,Chile,842,USA,Export,13456376,1377560,1377560.0
161,344,"China, Hong Kong SAR",0,World,Import,204932,69395,69395.0
162,344,"China, Hong Kong SAR",0,World,Export,852958,69396,69396.0
163,344,"China, Hong Kong SAR",156,China,Import,204932,69395,69395.0
164,344,"China, Hong Kong SAR",156,China,Export,852958,69396,69396.0
165,203,Czechia,0,World,Import,1768,500,500.0
166,203,Czechia,381,Italy,Import,1768,500,500.0
167,208,Denmark,0,World,Import,3456,4,4.0
168,208,Denmark,579,Norway,Import,3456,4,4.0
169,214,Dominican Rep.,0,World,Export,43273547,28706000,28706000.0
170,214,Dominican Rep.,156,China,Export,24062427,15706000,15706000.0
171,214,Dominican Rep.,458,Malaysia,Export,13417720,8800000,8800000.0
172,214,Dominican Rep.,490,"Other Asia, nes",Export,5793400,4200000,4200000.0
173,218,Ecuador,0,World,Export,920099602,430514842,430514842.0
174,218,Ecuador,156,China,Export,851449859,399843150,399843150.0
175,218,Ecuador,484,Mexico,Export,324640,110000,110000.0
176,218,Ecuador,490,"Other Asia, nes",Export,3708752,1114521,1114521.0
177,218,Ecuador,604,Peru,Export,61958199,28810470,28810470.0
178,218,Ecuador,724,Spain,Export,2658150,636701,636701.0
179,222,El Salvador,0,World,Import,9601,1960,1960.0
180,222,El Salvador,484,Mexico,Import,494,3,3.0
181,222,El Salvador,842,USA,Import,9107,1957,1957.0
182,233,Estonia,0,World,Import,2,100,100.0
183,233,Estonia,232,Eritrea,Import,2,100,100.0
184,97,EU,0,World,Import,9825582288,4004615442,4004615442.0
185,97,EU,0,World,Export,1430882288,998721686,998721686.0
186,97,EU,8,Albania,Import,9417936,6003116,6003116.0
187,97,EU,12,Algeria,Export,7326,1000,1000.0
188,97,EU,31,Azerbaijan,Import,166,15,15.0
189,97,EU,36,Australia,Import,578187673,170962738,170962738.0
190,97,EU,36,Australia,Export,577,490,490.0
191,97,EU,51,Armenia,Import,69270108,30079517,30079517.0
192,97,EU,72,Botswana,Import,1375,15,15.0
193,97,EU,76,Brazil,Import,2227004822,737215291,737215291.0
194,97,EU,76,Brazil,Export,2148,85255,85255.0
195,97,EU,108,Burundi,Import,88,1,1.0
196,97,EU,124,Canada,Import,654721637,194504410,194504410.0
197,97,EU,124,Canada,Export,879870,73891,73891.0
198,97,EU,152,Chile,Import,1735849071,764978199,764978199.0
199,97,EU,156,China,Import,25216744,10768186,10768186.0
200,97,EU,156,China,Export,1105070165,847191200,847191200.0
201,97,EU,178,Congo,Import,55724,6955,6955.0
202,97,EU,180,Dem. Rep. of the Congo,Import,1258,17,17.0
203,97,EU,218,Ecuador,Import,2557769,639900,639900.0
204,97,EU,231,Ethiopia,Import,94,2,2.0
205,97,EU,268,Georgia,Import,405288245,174211048,174211048.0
206,97,EU,288,Ghana,Import,197,91,91.0
207,97,EU,320,Guatemala,Import,286,5,5.0
208,97,EU,360,Indonesia,Import,595806063,231173035,231173035.0
209,97,EU,376,Israel,Import,7177,3429,3429.0
210,97,EU,376,Israel,Export,599,4,4.0
211,97,EU,392,Japan,Import,1695,68,68.0
212,97,EU,392,Japan,Export,19772389,3805515,3805515.0
213,97,EU,398,Kazakhstan,Import,2508375,1294630,1294630.0
214,97,EU,410,Rep. of Korea,Import,22281,850,850.0
215,97,EU,410,Rep. of Korea,Export,15740382,3737451,3737451.0
216,97,EU,450,Madagascar,Import,82,1,1.0
217,97,EU,458,Malaysia,Import,2344,54,54.0
218,97,EU,478,Mauritania,Import,83,3,3.0
219,97,EU,484,Mexico,Import,43308787,10725488,10725488.0
220,97,EU,490,"Other Asia, nes",Import,132548,56848,56848.0
221,97,EU,490,"Other Asia, nes",Export,4195,500,500.0
222,97,EU,496,Mongolia,Import,1156,230,230.0
223,97,EU,499,Montenegro,Import,87145948,78743310,78743310.0
224,97,EU,499,Montenegro,Export,4428195,2332420,2332420.0
225,97,EU,504,Morocco,Import,108818787,75203596,75203596.0
226,97,EU,504,Morocco,Export,1,11,11.0
227,97,EU,508,Mozambique,Import,757,16,16.0
228,97,EU,516,Namibia,Import,526,13,13.0
229,97,EU,516,Namibia,Export,162523163,75894314,75894314.0
230,97,EU,579,Norway,Import,4235,6854,6854.0
231,97,EU,591,Panama,Import,684618758,297793800,297793800.0
232,97,EU,598,Papua New Guinea,Import,65857405,21600000,21600000.0
233,97,EU,604,Peru,Import,1494252482,665962235,665962235.0
234,97,EU,608,Philippines,Import,5330,212,212.0
235,97,EU,643,Russian Federation,Import,53813513,25392783,25392783.0
236,97,EU,643,Russian Federation,Export,154385,138889,138889.0
237,97,EU,682,Saudi Arabia,Import,156,3,3.0
238,97,EU,688,Serbia,Import,61754225,42631219,42631219.0
239,97,EU,688,Serbia,Export,122190754,65442200,65442200.0
240,97,EU,699,India,Import,3012,111,111.0
241,97,EU,704,Viet Nam,Import,799,16,16.0
242,97,EU,710,South Africa,Import,229450,83565,83565.0
243,97,EU,710,South Africa,Export,53,107,107.0
244,97,EU,757,Switzerland,Import,856,347,347.0
245,97,EU,757,Switzerland,Export,23,10,10.0
246,97,EU,762,Tajikistan,Import,293,6,6.0
247,97,EU,764,Thailand,Import,172,5,5.0
248,97,EU,784,United Arab Emirates,Import,82193,138854,138854.0
249,97,EU,784,United Arab Emirates,Export,4514,1000,1000.0
250,97,EU,788,Tunisia,Export,1701,150,150.0
251,97,EU,792,Turkey,Import,381037716,232041579,232041579.0
252,97,EU,792,Turkey,Export,51331,10063,10063.0
253,97,EU,804,Ukraine,Export,19266,4476,4476.0
254,97,EU,807,North Macedonia,Import,67612315,29913908,29913908.0
255,97,EU,818,Egypt,Import,157,9,9.0
256,97,EU,826,United Kingdom,Import,20201,4081,4081.0
257,97,EU,826,United Kingdom,Export,3312,2267,2267.0
258,97,EU,834,United Rep. of Tanzania,Import,496,15,15.0
259,97,EU,842,USA,Import,470954118,202474162,202474162.0
260,97,EU,842,USA,Export,27930,473,473.0
261,97,EU,894,Zambia,Import,4578,599,599.0
262,246,Finland,0,World,Import,1286536357,0,
263,246,Finland,0,World,Export,266984696,0,
264,246,Finland,36,Australia,Import,165142724,70392616,70392616.0
265,246,Finland,36,Australia,Export,578,90,90.0
266,246,Finland,56,Belgium,Export,81081837,32926065,
267,246,Finland,76,Brazil,Import,205189359,87462622,87462622.0
268,246,Finland,124,Canada,Import,125054998,53305104,53305104.0
269,246,Finland,124,Canada,Export,9,6,6.0
270,246,Finland,152,Chile,Import,273094983,116407612,116407612.0
271,246,Finland,276,Germany,Export,67650936,27471986,
272,246,Finland,484,Mexico,Import,43309342,0,
273,246,Finland,490,"Other Asia, nes",Import,10,2,2.0
274,246,Finland,504,Morocco,Import,59,25,25.0
275,246,Finland,604,Peru,Import,123684956,52720927,52720927.0
276,246,Finland,620,Portugal,Import,236468905,100795629,100795629.0
277,246,Finland,710,South Africa,Import,100,54,54.0
278,246,Finland,724,Spain,Import,92035266,39230327,39230327.0
279,246,Finland,752,Sweden,Export,118251240,0,
280,246,Finland,792,Turkey,Import,7360666,0,
281,246,Finland,804,Ukraine,Export,1,1,1.0
282,246,Finland,807,North Macedonia,Import,59,65,65.0
283,246,Finland,826,United Kingdom,Import,14,77,77.0
284,246,Finland,826,United Kingdom,Export,93,109,109.0
285,246,Finland,842,USA,Import,15194910,6476937,6476937.0
286,268,Georgia,0,World,Import,736080453,368502467,368502467.0
287,268,Georgia,0,World,Export,815437827,398008357,398008357.0
288,268,Georgia,8,Albania,Import,4455764,2372490,2372490.0
289,268,Georgia,31,Azerbaijan,Import,11724265,4653035,4653035.0
290,268,Georgia,51,Armenia,Import,345664775,200364196,200364196.0
291,268,Georgia,51,Armenia,Export,10454,4050,4050.0
292,268,Georgia,76,Brazil,Import,67520178,18336460,18336460.0
293,268,Georgia,100,Bulgaria,Export,241171135,107141953,107141953.0
294,268,Georgia,152,Chile,Import,135912888,68399170,68399170.0
295,268,Georgia,156,China,Export,496929296,254178500,254178500.0
296,268,Georgia,360,Indonesia,Import,132524738,50160730,50160730.0
297,268,Georgia,364,Iran,Import,110,54,54.0
298,268,Georgia,410,Rep. of Korea,Export,3548056,420494,420494.0
299,268,Georgia,643,Russian Federation,Export,100,700,700.0
300,268,Georgia,688,Serbia,Import,23465401,14548760,14548760.0
301,268,Georgia,724,Spain,Export,73778784,36262660,36262660.0
302,268,Georgia,792,Turkey,Import,14812331,9667572,9667572.0
303,276,Germany,0,World,Import,3052500247,1148834533,1148834533.0
304,276,Germany,0,World,Export,24588528,44449640,44449640.0
305,276,Germany,36,Australia,Import,231799540,57454993,57454993.0
306,276,Germany,56,Belgium,Export,1597322,142122,142122.0
307,276,Germany,76,Brazil,Import,817738843,258332266,258332266.0
308,276,Germany,124,Canada,Import,183320366,61607869,61607869.0
309,276,Germany,124,Canada,Export,878845,73246,73246.0
310,276,Germany,152,Chile,Import,506473138,220843255,220843255.0
311,276,Germany,156,China,Import,95294,18000,18000.0
312,276,Germany,246,Finland,Import,10134194,468170,468170.0
313,276,Germany,251,France,Import,4097,31,31.0
314,276,Germany,288,Ghana,Import,197,91,91.0
315,276,Germany,360,Indonesia,Import,296078039,121502991,121502991.0
316,276,Germany,376,Israel,Import,7167,3429,3429.0
317,276,Germany,398,Kazakhstan,Import,2496874,1294156,1294156.0
318,276,Germany,484,Mexico,Import,43,20,20.0
319,276,Germany,490,"Other Asia, nes",Import,131490,56812,56812.0
320,276,Germany,496,Mongolia,Import,197,208,208.0
321,276,Germany,504,Morocco,Import,11295019,10201000,10201000.0
322,276,Germany,591,Panama,Import,224296011,100789000,100789000.0
323,276,Germany,598,Papua New Guinea,Import,65769488,21600000,21600000.0
324,276,Germany,604,Peru,Import,584019237,252083066,252083066.0
325,276,Germany,620,Portugal,Import,9968283,5703008,5703008.0
326,276,Germany,643,Russian Federation,Import,6631435,3493061,3493061.0
327,276,Germany,724,Spain,Import,39259873,4702680,4702680.0
328,276,Germany,752,Sweden,Export,22111810,44234231,44234231.0
329,276,Germany,792,Turkey,Import,40834376,21548070,21548070.0
330,276,Germany,826,United Kingdom,Import,109,52,52.0
331,276,Germany,826,United Kingdom,Export,548,41,41.0
332,276,Germany,842,USA,Import,22145561,7131745,7131745.0
333,276,Germany,894,Zambia,Import,1363,560,560.0
334,300,Greece,0,World,Import,3921,212,212.0
335,300,Greece,0,World,Export,3052,31,31.0
336,300,Greece,156,China,Import,31,10,10.0
337,300,Greece,196,Cyprus,Export,1278,1,1.0
338,300,Greece,276,Germany,Export,1774,30,30.0
339,300,Greece,381,Italy,Import,3869,50,50.0
340,300,Greece,826,United Kingdom,Import,20,152,152.0
341,320,Guatemala,0,World,Import,6098,115,115.0
342,320,Guatemala,156,China,Import,841,46,46.0
343,320,Guatemala,484,Mexico,Import,5222,68,68.0
344,320,Guatemala,842,USA,Import,35,1,1.0
345,328,Guyana,0,World,Import,260,4,4.0
346,328,Guyana,124,Canada,Import,260,4,4.0
347,352,Iceland,0,World,Import,4,1,1.0
348,352,Iceland,0,World,Export,23005,9342,
349,352,Iceland,528,Netherlands,Export,23005,9342,
350,352,Iceland,842,USA,Import,4,1,1.0
351,699,India,0,World,Import,2523909425,862740694,862740694.0
352,699,India,0,World,Export,61042099,42307534,42307534.0
353,699,India,36,Australia,Import,504357513,101128000,101128000.0
354,699,India,70,Bosnia Herzegovina,Import,10614,2000,2000.0
355,699,India,76,Brazil,Import,33990632,10519200,10519200.0
356,699,India,124,Canada,Import,39896113,10499300,10499300.0
357,699,India,124,Canada,Export,120,25,25.0
358,699,India,152,Chile,Import,802980535,326751000,326751000.0
359,699,India,156,China,Import,5996,60,60.0
360,699,India,156,China,Export,42202246,30820900,30820900.0
361,699,India,178,Congo,Import,37475,25000,25000.0
362,699,India,360,Indonesia,Import,505095588,179350000,179350000.0
363,699,India,364,Iran,Import,102,250,250.0
364,699,India,458,Malaysia,Import,30114901,9209000,9209000.0
365,699,India,458,Malaysia,Export,1622458,746809,746809.0
366,699,India,591,Panama,Import,159990403,61202000,61202000.0
367,699,India,604,Peru,Import,302570095,100034000,100034000.0
368,699,India,608,Philippines,Export,17217275,10739800,10739800.0
369,699,India,682,Saudi Arabia,Import,123622716,54596800,54596800.0
370,699,India,764,Thailand,Import,21235868,9424080,9424080.0
371,699,India,826,United Kingdom,Import,2,1,1.0
372,699,India,842,USA,Import,865,3,3.0
373,381,Italy,0,World,Import,607171,180986,180986.0
374,381,Italy,0,World,Export,644833,114153,114153.0
375,381,Italy,12,Algeria,Export,7332,1000,1000.0
376,381,Italy,56,Belgium,Import,118123,16100,16100.0
377,381,Italy,156,China,Import,78406,26000,26000.0
378,381,Italy,178,Congo,Import,6154,200,200.0
379,381,Italy,191,Croatia,Export,6000,1008,1008.0
380,381,Italy,203,Czechia,Export,131815,24940,24940.0
381,381,Italy,276,Germany,Import,5780,637,637.0
382,381,Italy,276,Germany,Export,98804,18000,18000.0
383,381,Italy,300,Greece,Export,3869,50,50.0
384,381,Italy,348,Hungary,Export,1170,225,225.0
385,381,Italy,490,"Other Asia, nes",Export,4198,500,500.0
386,381,Italy,528,Netherlands,Import,10902,2625,2625.0
387,381,Italy,528,Netherlands,Export,38746,7000,7000.0
388,381,Italy,616,Poland,Export,31671,7075,7075.0
389,381,Italy,642,Romania,Export,8160,1500,1500.0
390,381,Italy,705,Slovenia,Export,171881,28000,28000.0
391,381,Italy,724,Spain,Export,47367,9010,9010.0
392,381,Italy,784,United Arab Emirates,Export,4518,1000,1000.0
393,381,Italy,788,Tunisia,Export,1703,150,150.0
394,381,Italy,792,Turkey,Import,387803,135424,135424.0
395,381,Italy,792,Turkey,Export,51177,10000,10000.0
396,381,Italy,804,Ukraine,Export,19282,4475,4475.0
397,381,Italy,842,USA,Export,17131,220,220.0
398,392,Japan,0,World,Import,13039950023,4959313000,4959313000.0
399,392,Japan,36,Australia,Import,2335120349,666943000,666943000.0
400,392,Japan,124,Canada,Import,1112079677,391256000,391256000.0
401,392,Japan,152,Chile,Import,4576164044,1899160000,1899160000.0
402,392,Japan,360,Indonesia,Import,1694180821,646981000,646981000.0
403,392,Japan,410,Rep. of Korea,Import,15695175,6381000,6381000.0
404,392,Japan,484,Mexico,Import,20200789,10479000,10479000.0
405,392,Japan,490,"Other Asia, nes",Import,195435920,43582000,43582000.0
406,392,Japan,591,Panama,Import,530187901,226475000,226475000.0
407,392,Japan,598,Papua New Guinea,Import,629042576,201673000,201673000.0
408,392,Japan,604,Peru,Import,1291279560,609240000,609240000.0
409,392,Japan,608,Philippines,Import,185707547,61086000,61086000.0
410,392,Japan,682,Saudi Arabia,Import,78816494,36937000,36937000.0
411,392,Japan,842,USA,Import,376039163,159120000,159120000.0
412,404,Kenya,0,World,Export,1126443,2272640,2272640.0
413,404,Kenya,156,China,Export,893898,1457620,1457620.0
414,404,Kenya,180,Dem. Rep. of the Congo,Export,7392,25000,25000.0
415,404,Kenya,344,"China, Hong Kong SAR",Export,225151,790020,790020.0
416,417,Kyrgyzstan,0,World,Export,20979363,12480758,12480758.0
417,417,Kyrgyzstan,156,China,Export,20979363,12480758,12480758.0
418,422,Lebanon,0,World,Import,4937,800,800.0
419,422,Lebanon,381,Italy,Import,4937,800,800.0
420,428,Latvia,0,World,Import,121896,138853,138853.0
421,428,Latvia,440,Lithuania,Import,121896,138853,138853.0
422,440,Lithuania,0,World,Import,240563,277742,277742.0
423,440,Lithuania,0,World,Export,296490,277742,277742.0
424,440,Lithuania,428,Latvia,Import,155939,138889,138889.0
425,440,Lithuania,428,Latvia,Export,140551,138853,138853.0
426,440,Lithuania,643,Russian Federation,Export,155939,138889,138889.0
427,440,Lithuania,784,United Arab Emirates,Import,84624,138853,138853.0
428,442,Luxembourg,0,World,Import,7164,412,412.0
429,442,Luxembourg,251,France,Import,3010,300,300.0
430,442,Luxembourg,276,Germany,Import,4133,110,110.0
431,442,Luxembourg,682,Saudi Arabia,Import,20,2,2.0
432,458,Malaysia,0,World,Import,693866416,590233292,590233292.0
433,458,Malaysia,0,World,Export,303793347,180441636,180441636.0
434,458,Malaysia,8,Albania,Import,2732481,2791140,2791140.0
435,458,Malaysia,36,Australia,Import,74394646,24597800,24597800.0
436,458,Malaysia,76,Brazil,Import,44248312,27002000,27002000.0
437,458,Malaysia,116,Cambodia,Export,17279,12682,12682.0
438,458,Malaysia,124,Canada,Import,22502,43809,43809.0
439,458,Malaysia,152,Chile,Import,135380291,62650800,62650800.0
440,458,Malaysia,156,China,Import,317058,286378,286378.0
441,458,Malaysia,156,China,Export,287768328,169570000,169570000.0
442,458,Malaysia,214,Dominican Rep.,Import,13694506,9573930,9573930.0
443,458,Malaysia,360,Indonesia,Import,278822599,399312000,399312000.0
444,458,Malaysia,360,Indonesia,Export,364910,700631,700631.0
445,458,Malaysia,392,Japan,Export,4208,3700,3700.0
446,458,Malaysia,410,Rep. of Korea,Export,1228176,2959360,2959360.0
447,458,Malaysia,528,Netherlands,Import,11591,10000,10000.0
448,458,Malaysia,604,Peru,Import,54161637,31423100,31423100.0
449,458,Malaysia,682,Saudi Arabia,Import,41901503,6569440,6569440.0
450,458,Malaysia,699,India,Export,14337126,7135000,7135000.0
451,458,Malaysia,702,Singapore,Export,2022,2900,2900.0
452,458,Malaysia,710,South Africa,Import,1288787,296137,296137.0
453,458,Malaysia,757,Switzerland,Import,34277085,13558400,13558400.0
454,458,Malaysia,764,Thailand,Export,71296,57362,57362.0
455,458,Malaysia,792,Turkey,Import,12302341,11843900,11843900.0
456,458,Malaysia,826,United Kingdom,Import,283695,220900,220900.0
457,458,Malaysia,842,USA,Import,27376,53558,53558.0
458,484,Mexico,0,World,Import,404006811,191646326,191646326.0
459,484,Mexico,0,World,Export,3420948513,1551769274,1551769274.0
460,484,Mexico,124,Canada,Export,7667950,685677,685677.0
461,484,Mexico,156,China,Export,3352361101,1520404597,1520404597.0
462,484,Mexico,392,Japan,Export,60919462,30679000,30679000.0
463,484,Mexico,826,United Kingdom,Import,11,16,16.0
464,484,Mexico,842,USA,Import,404006800,191646310,191646310.0
465,528,Netherlands,0,World,Import,239494,8597,8597.0
466,528,Netherlands,0,World,Export,1686,143,143.0
467,528,Netherlands,8,Albania,Import,230,13,13.0
468,528,Netherlands,12,Algeria,Import,165,6,6.0
469,528,Netherlands,31,Azerbaijan,Import,105,11,11.0
470,528,Netherlands,36,Australia,Import,1419,34,34.0
471,528,Netherlands,51,Armenia,Import,98,6,6.0
472,528,Netherlands,72,Botswana,Import,1375,15,15.0
473,528,Netherlands,76,Brazil,Import,2717,63,63.0
474,528,Netherlands,108,Burundi,Import,88,1,1.0
475,528,Netherlands,116,Cambodia,Import,1060,30,30.0
476,528,Netherlands,124,Canada,Import,3454,83,83.0
477,528,Netherlands,152,Chile,Import,14658,368,368.0
478,528,Netherlands,156,China,Import,78382,2905,2905.0
479,528,Netherlands,180,Dem. Rep. of the Congo,Import,1258,17,17.0
480,528,Netherlands,231,Ethiopia,Import,94,2,2.0
481,528,Netherlands,268,Georgia,Import,1349,80,80.0
482,528,Netherlands,320,Guatemala,Import,286,5,5.0
483,528,Netherlands,360,Indonesia,Import,123,4,4.0
484,528,Netherlands,392,Japan,Import,5680,168,168.0
485,528,Netherlands,398,Kazakhstan,Import,495,14,14.0
486,528,Netherlands,410,Rep. of Korea,Import,23708,867,867.0
487,528,Netherlands,458,Malaysia,Import,2345,54,54.0
488,528,Netherlands,484,Mexico,Import,7504,159,159.0
489,528,Netherlands,490,"Other Asia, nes",Import,871,34,34.0
490,528,Netherlands,496,Mongolia,Import,959,22,22.0
491,528,Netherlands,499,Montenegro,Import,376,28,28.0
492,528,Netherlands,504,Morocco,Import,240,6,6.0
493,528,Netherlands,508,Mozambique,Import,758,16,16.0
494,528,Netherlands,516,Namibia,Import,267,7,7.0
495,528,Netherlands,516,Namibia,Export,26,14,14.0
496,528,Netherlands,604,Peru,Import,22514,632,632.0
497,528,Netherlands,608,Philippines,Import,4696,201,201.0
498,528,Netherlands,643,Russian Federation,Import,2409,133,133.0
499,528,Netherlands,688,Serbia,Import,83,1,1.0
500,528,Netherlands,699,India,Import,2826,104,104.0
501,528,Netherlands,702,Singapore,Import,49,3,3.0
502,528,Netherlands,704,Viet Nam,Import,749,13,13.0
503,528,Netherlands,710,South Africa,Import,2542,70,70.0
504,528,Netherlands,710,South Africa,Export,53,107,107.0
505,528,Netherlands,757,Switzerland,Import,16,3,3.0
506,528,Netherlands,762,Tajikistan,Import,293,6,6.0
507,528,Netherlands,764,Thailand,Import,172,5,5.0
508,528,Netherlands,784,United Arab Emirates,Import,67,1,1.0
509,528,Netherlands,792,Turkey,Import,167,15,15.0
510,528,Netherlands,818,Egypt,Import,109,2,2.0
511,528,Netherlands,834,United Rep. of Tanzania,Import,496,15,15.0
512,528,Netherlands,842,USA,Import,41874,1949,1949.0
513,528,Netherlands,860,Uzbekistan,Import,706,20,20.0
514,528,Netherlands,894,Zambia,Import,3213,39,39.0
515,528,Netherlands,899,"Areas, nes",Import,6424,367,367.0
516,528,Netherlands,899,"Areas, nes",Export,1607,22,22.0
517,554,New Zealand,0,World,Import,51659,7005,7005.0
518,554,New Zealand,276,Germany,Import,343,5,5.0
519,554,New Zealand,842,USA,Import,51315,7000,7000.0
520,558,Nicaragua,0,World,Export,307424,3074004,3074004.0
521,558,Nicaragua,156,China,Export,307400,3074000,3074000.0
522,558,Nicaragua,842,USA,Export,24,4,4.0
523,586,Pakistan,0,World,Export,11508580,25496000,25496000.0
524,586,Pakistan,116,Cambodia,Export,17372,53000,53000.0
525,586,Pakistan,156,China,Export,11491208,25443000,25443000.0
526,608,Philippines,0,World,Import,152199414,50680000,50680000.0
527,608,Philippines,0,World,Export,299440295,88414728,88414728.0
528,608,Philippines,36,Australia,Import,23698187,10326400,10326400.0
529,608,Philippines,116,Cambodia,Export,250000,50000,50000.0
530,608,Philippines,156,China,Export,2798543,2820215,2820215.0
531,608,Philippines,360,Indonesia,Import,57705090,17998600,17998600.0
532,608,Philippines,360,Indonesia,Export,389147,2346328,2346328.0
533,608,Philippines,392,Japan,Export,219974390,66000000,66000000.0
534,608,Philippines,410,Rep. of Korea,Export,8160,116000,116000.0
535,608,Philippines,598,Papua New Guinea,Import,47102599,12272700,12272700.0
536,608,Philippines,604,Peru,Import,23693538,10082300,10082300.0
537,608,Philippines,702,Singapore,Export,75794307,16800000,16800000.0
538,608,Philippines,764,Thailand,Export,225748,282185,282185.0
539,616,Poland,0,World,Import,463058042,161293966,161293966.0
540,616,Poland,0,World,Export,188972,550760,550760.0
541,616,Poland,76,Brazil,Import,320795586,88677490,88677490.0
542,616,Poland,100,Bulgaria,Import,619191,212532,212532.0
543,616,Poland,152,Chile,Import,27048761,12024422,12024422.0
544,616,Poland,156,China,Import,108,4,4.0
545,616,Poland,178,Congo,Import,49899,6755,6755.0
546,616,Poland,381,Italy,Import,3302,50,50.0
547,616,Poland,410,Rep. of Korea,Export,188972,550760,550760.0
548,616,Poland,504,Morocco,Import,63950795,43811280,43811280.0
549,616,Poland,604,Peru,Import,50590308,16561410,16561410.0
550,616,Poland,826,United Kingdom,Import,72,16,16.0
551,616,Poland,842,USA,Import,20,7,7.0
552,620,Portugal,0,World,Import,1815527,222747,222747.0
553,620,Portugal,0,World,Export,325156320,166559473,166559473.0
554,620,Portugal,100,Bulgaria,Export,34873070,18091840,18091840.0
555,620,Portugal,124,Canada,Import,223,8,8.0
556,620,Portugal,246,Finland,Export,231247657,118065723,118065723.0
557,620,Portugal,276,Germany,Import,483,47,47.0
558,620,Portugal,276,Germany,Export,9885432,5295260,5295260.0
559,620,Portugal,724,Spain,Import,1814119,222606,222606.0
560,620,Portugal,724,Spain,Export,2148927,1124582,1124582.0
561,620,Portugal,752,Sweden,Export,47001231,23982068,23982068.0
562,620,Portugal,842,USA,Import,701,86,86.0
563,642,Romania,0,World,Import,17235,4487,4487.0
564,642,Romania,0,World,Export,71861855,39931580,39931580.0
565,642,Romania,156,China,Import,391,5,5.0
566,642,Romania,156,China,Export,42907194,23872190,23872190.0
567,642,Romania,381,Italy,Import,15623,2779,2779.0
568,642,Romania,499,Montenegro,Export,4363274,2332420,2332420.0
569,642,Romania,528,Netherlands,Export,701454,202252,202252.0
570,642,Romania,616,Poland,Export,601963,343053,343053.0
571,642,Romania,688,Serbia,Export,21968465,12492340,12492340.0
572,642,Romania,724,Spain,Export,1319222,689150,689150.0
573,642,Romania,792,Turkey,Export,25,50,50.0
574,642,Romania,826,United Kingdom,Export,255,125,125.0
575,642,Romania,842,USA,Import,1221,1703,1703.0
576,688,Serbia,0,World,Import,153892494,66635657,66635657.0
577,688,Serbia,0,World,Export,855093236,503370553,503370553.0
578,688,Serbia,100,Bulgaria,Import,129301196,55425504,55425504.0
579,688,Serbia,100,Bulgaria,Export,16253611,12561840,12561840.0
580,688,Serbia,156,China,Export,500888625,263554874,263554874.0
581,688,Serbia,246,Finland,Export,45726534,24253300,24253300.0
582,688,Serbia,268,Georgia,Export,50238032,34781660,34781660.0
583,688,Serbia,398,Kazakhstan,Export,21,179,179.0
584,688,Serbia,410,Rep. of Korea,Export,103659529,58213680,58213680.0
585,688,Serbia,499,Montenegro,Export,19539072,9461810,9461810.0
586,688,Serbia,642,Romania,Import,24591298,11210153,11210153.0
587,688,Serbia,643,Russian Federation,Export,3671238,2946380,2946380.0
588,688,Serbia,724,Spain,Export,115076258,97557080,97557080.0
589,688,Serbia,792,Turkey,Export,40294,39600,39600.0
590,688,Serbia,826,United Kingdom,Export,22,150,150.0
591,705,Slovenia,0,World,Import,587,0,0.0
592,705,Slovenia,842,USA,Import,587,0,0.0
593,724,Spain,0,World,Import,2710969935,1232557101,1232557101.0
594,724,Spain,0,World,Export,1111974616,629316301,629316301.0
595,724,Spain,36,Australia,Import,87667616,46200001,46200001.0
596,724,Spain,51,Armenia,Import,69288007,30079500,30079500.0
597,724,Spain,76,Brazil,Import,393019721,156767000,156767000.0
598,724,Spain,100,Bulgaria,Export,8150545,5078920,5078920.0
599,724,Spain,124,Canada,Import,60165052,21394800,21394800.0
600,724,Spain,152,Chile,Import,562805052,245886009,245886009.0
601,724,Spain,156,China,Import,1364,36,36.0
602,724,Spain,156,China,Export,911257599,529763000,529763000.0
603,724,Spain,218,Ecuador,Import,2558443,639900,639900.0
604,724,Spain,246,Finland,Import,368828,10890,10890.0
605,724,Spain,246,Finland,Export,92142290,52813800,52813800.0
606,724,Spain,251,France,Import,674795,321560,321560.0
607,724,Spain,251,France,Export,1830,450,450.0
608,724,Spain,276,Germany,Import,114412,21000,21000.0
609,724,Spain,276,Germany,Export,48504500,10668720,10668720.0
610,724,Spain,360,Indonesia,Import,299410041,109670000,109670000.0
611,724,Spain,381,Italy,Import,338857,36970,36970.0
612,724,Spain,410,Rep. of Korea,Import,491,25,25.0
613,724,Spain,484,Mexico,Import,195,10,10.0
614,724,Spain,499,Montenegro,Import,87168681,78743302,78743302.0
615,724,Spain,504,Morocco,Import,26501389,16819900,16819900.0
616,724,Spain,516,Namibia,Import,112,4,4.0
617,724,Spain,528,Netherlands,Import,1893087,463692,463692.0
618,724,Spain,528,Netherlands,Export,727433,10306,10306.0
619,724,Spain,591,Panama,Import,356876143,154478000,154478000.0
620,724,Spain,604,Peru,Import,292808121,152344140,152344140.0
621,724,Spain,616,Poland,Export,960213,123820,123820.0
622,724,Spain,620,Portugal,Import,1746108,610156,610156.0
623,724,Spain,620,Portugal,Export,242839,24114,24114.0
624,724,Spain,642,Romania,Import,284872,181169,181169.0
625,724,Spain,682,Saudi Arabia,Import,137,1,1.0
626,724,Spain,688,Serbia,Import,29860184,24224606,24224606.0
627,724,Spain,710,South Africa,Import,1532,109,109.0
628,724,Spain,752,Sweden,Export,49987245,30833170,30833170.0
629,724,Spain,792,Turkey,Import,3770404,3434823,3434823.0
630,724,Spain,826,United Kingdom,Import,3682,491,491.0
631,724,Spain,826,United Kingdom,Export,118,1,1.0
632,724,Spain,842,USA,Import,433642597,190229001,190229001.0
633,752,Sweden,0,World,Import,910095971,347978668,347978668.0
634,752,Sweden,0,World,Export,816,2333,2333.0
635,752,Sweden,76,Brazil,Import,309024348,95561000,95561000.0
636,752,Sweden,124,Canada,Import,195785565,54012000,54012000.0
637,752,Sweden,152,Chile,Import,50476723,20641000,20641000.0
638,752,Sweden,156,China,Import,116,44,44.0
639,752,Sweden,246,Finland,Import,80972842,29789000,29789000.0
640,752,Sweden,276,Germany,Import,13199453,5050000,5050000.0
641,752,Sweden,484,Mexico,Import,816,312,312.0
642,752,Sweden,579,Norway,Import,816,7000,7000.0
643,752,Sweden,604,Peru,Import,80509253,33486000,33486000.0
644,752,Sweden,620,Portugal,Import,46356077,23758000,23758000.0
645,752,Sweden,724,Spain,Import,29225096,18448000,18448000.0
646,752,Sweden,792,Turkey,Import,104544045,67226000,67226000.0
647,752,Sweden,792,Turkey,Export,116,333,333.0
648,752,Sweden,826,United Kingdom,Import,116,44,44.0
649,752,Sweden,826,United Kingdom,Export,699,2000,2000.0
650,752,Sweden,842,USA,Import,699,267,267.0
651,757,Switzerland,0,World,Import,24338,8092,8092.0
652,757,Switzerland,0,World,Export,9223,2,2.0
653,757,Switzerland,40,Austria,Import,286,2,2.0
654,757,Switzerland,56,Belgium,Import,11718,3300,3300.0
655,757,Switzerland,56,Belgium,Export,10,0,0.0
656,757,Switzerland,276,Germany,Import,4859,392,392.0
657,757,Switzerland,276,Germany,Export,9212,2,2.0
658,757,Switzerland,376,Israel,Import,274,91,91.0
659,757,Switzerland,381,Italy,Import,6877,4300,4300.0
660,757,Switzerland,818,Egypt,Import,15,5,5.0
661,757,Switzerland,826,United Kingdom,Import,306,2,2.0
662,792,Turkey,0,World,Import,85818543,36977506,36977506.0
663,792,Turkey,0,World,Export,454719258,313660356,313660356.0
664,792,Turkey,8,Albania,Import,2379,3618,3618.0
665,792,Turkey,36,Australia,Export,312,2312,2312.0
666,792,Turkey,40,Austria,Import,5,2,2.0
667,792,Turkey,51,Armenia,Import,2520150,1462700,1462700.0
668,792,Turkey,56,Belgium,Export,40488,26280,26280.0
669,792,Turkey,100,Bulgaria,Import,42,25,25.0
670,792,Turkey,100,Bulgaria,Export,223212470,140912930,140912930.0
671,792,Turkey,116,Cambodia,Export,111031,155442,155442.0
672,792,Turkey,152,Chile,Import,83243742,35493990,35493990.0
673,792,Turkey,156,China,Import,82,48,48.0
674,792,Turkey,156,China,Export,86956903,73417022,73417022.0
675,792,Turkey,233,Estonia,Export,15,12,12.0
676,792,Turkey,251,France,Export,116,50,50.0
677,792,Turkey,268,Georgia,Export,14629237,9563920,9563920.0
678,792,Turkey,276,Germany,Import,385,8,8.0
679,792,Turkey,276,Germany,Export,23667583,13604077,13604077.0
680,792,Turkey,381,Italy,Import,47369,6005,6005.0
681,792,Turkey,381,Italy,Export,356917,137500,137500.0
682,792,Turkey,398,Kazakhstan,Import,3395,10991,10991.0
683,792,Turkey,404,Kenya,Import,2,1,1.0
684,792,Turkey,410,Rep. of Korea,Export,1318847,1294213,1294213.0
685,792,Turkey,450,Madagascar,Import,10,6,6.0
686,792,Turkey,458,Malaysia,Export,13456198,14280680,14280680.0
687,792,Turkey,504,Morocco,Import,12,7,7.0
688,792,Turkey,504,Morocco,Export,84,76,76.0
689,792,Turkey,528,Netherlands,Import,6,3,3.0
690,792,Turkey,604,Peru,Export,927,100,100.0
691,792,Turkey,688,Serbia,Import,9,13,13.0
692,792,Turkey,710,South Africa,Import,134,18,18.0
693,792,Turkey,710,South Africa,Export,15,14,14.0
694,792,Turkey,724,Spain,Import,123,59,59.0
695,792,Turkey,724,Spain,Export,2571223,2659132,2659132.0
696,792,Turkey,752,Sweden,Import,684,6,6.0
697,792,Turkey,752,Sweden,Export,88390615,57579580,57579580.0
698,792,Turkey,757,Switzerland,Export,6,5,5.0
699,792,Turkey,764,Thailand,Export,5663,26758,26758.0
700,792,Turkey,784,United Arab Emirates,Export,416,76,76.0
701,792,Turkey,826,United Kingdom,Export,63,59,59.0
702,792,Turkey,842,USA,Import,14,6,6.0
703,792,Turkey,842,USA,Export,129,118,118.0
704,804,Ukraine,0,World,Import,24465,5475,5475.0
705,804,Ukraine,156,China,Import,24465,5475,5475.0
706,826,United Kingdom,0,World,Import,72366,21995,21995.0
707,826,United Kingdom,0,World,Export,58184,7713,7713.0
708,826,United Kingdom,56,Belgium,Export,2427,500,500.0
709,826,United Kingdom,72,Botswana,Export,1478,1,1.0
710,826,United Kingdom,124,Canada,Import,18186,6748,6748.0
711,826,United Kingdom,152,Chile,Import,1975,25,25.0
712,826,United Kingdom,156,China,Import,27538,11233,11233.0
713,826,United Kingdom,372,Ireland,Export,2988,140,140.0
714,826,United Kingdom,381,Italy,Import,64,6,6.0
715,826,United Kingdom,392,Japan,Import,13891,2144,2144.0
716,826,United Kingdom,398,Kazakhstan,Import,2431,51,51.0
717,826,United Kingdom,470,Malta,Export,1805,3,3.0
718,826,United Kingdom,604,Peru,Import,1737,189,189.0
719,826,United Kingdom,682,Saudi Arabia,Export,3851,194,194.0
720,826,United Kingdom,724,Spain,Export,33842,6012,6012.0
721,826,United Kingdom,752,Sweden,Export,10552,699,699.0
722,826,United Kingdom,842,USA,Import,6541,1597,1597.0
723,826,United Kingdom,842,USA,Export,1237,164,164.0
724,834,United Rep. of Tanzania,0,World,Import,22,3,3.0
725,834,United Rep. of Tanzania,0,World,Export,19789931,6140605,6140606.0
726,834,United Rep. of Tanzania,156,China,Export,16314959,5706271,5706271.0
727,834,United Rep. of Tanzania,410,Rep. of Korea,Export,100,0,0.0
728,834,United Rep. of Tanzania,699,India,Export,250,79,79.0
729,834,United Rep. of Tanzania,702,Singapore,Export,3474302,431900,431900.0
730,834,United Rep. of Tanzania,710,South Africa,Import,1,0,0.0
731,834,United Rep. of Tanzania,784,United Arab Emirates,Import,21,3,3.0
732,834,United Rep. of Tanzania,800,Uganda,Export,114,2349,2349.0
733,834,United Rep. of Tanzania,826,United Kingdom,Export,5,0,0.0
734,834,United Rep. of Tanzania,842,USA,Export,100,2,2.0
735,834,United Rep. of Tanzania,894,Zambia,Export,100,1,1.0
736,842,USA,0,World,Import,104430312,19775767,19775767.0
737,842,USA,0,World,Export,2924569880,364268507,364268507.0
738,842,USA,40,Austria,Export,7320,13071,13071.0
739,842,USA,56,Belgium,Export,1492022,255859,255859.0
740,842,USA,116,Cambodia,Export,372409,45514,45514.0
741,842,USA,124,Canada,Import,98865286,12888950,12888950.0
742,842,USA,124,Canada,Export,497316109,39668714,39668714.0
743,842,USA,156,China,Import,13354,150800,150800.0
744,842,USA,156,China,Export,607201586,72806164,72806164.0
745,842,USA,188,Costa Rica,Export,3087,174,174.0
746,842,USA,214,Dominican Rep.,Export,1474775,578820,578820.0
747,842,USA,246,Finland,Export,15227139,1851010,1851010.0
748,842,USA,251,France,Export,16625,29688,29688.0
749,842,USA,276,Germany,Import,31939,46717,46717.0
750,842,USA,276,Germany,Export,15239823,1852784,1852784.0
751,842,USA,344,"China, Hong Kong SAR",Export,227919,41017,41017.0
752,842,USA,348,Hungary,Import,11503,384,384.0
753,842,USA,392,Japan,Import,13070,900,900.0
754,842,USA,392,Japan,Export,70739083,12296604,12296604.0
755,842,USA,410,Rep. of Korea,Export,18519257,2395736,2395736.0
756,842,USA,458,Malaysia,Export,33267,4633,4633.0
757,842,USA,484,Mexico,Import,107509,394414,394414.0
758,842,USA,484,Mexico,Export,1630235961,228506500,228506500.0
759,842,USA,490,"Other Asia, nes",Import,53343,665000,665000.0
760,842,USA,490,"Other Asia, nes",Export,42774553,1501848,1501848.0
761,842,USA,528,Netherlands,Import,15701,9772,9772.0
762,842,USA,528,Netherlands,Export,95400,13287,13287.0
763,842,USA,604,Peru,Import,5318607,5618830,5618830.0
764,842,USA,604,Peru,Export,4410,476,476.0
765,842,USA,608,Philippines,Export,22500000,2353910,2353910.0
766,842,USA,624,Guinea-Bissau,Export,12000,1,1.0
767,842,USA,699,India,Export,557536,154,154.0
768,842,USA,826,United Kingdom,Export,282375,19499,19499.0
769,842,USA,858,Uruguay,Export,237224,33040,33040.0
770,860,Uzbekistan,0,World,Import,353627445,150734832,150734832.0
771,860,Uzbekistan,0,World,Export,245,99,
772,860,Uzbekistan,31,Azerbaijan,Import,12481813,5320412,5320412.0
773,860,Uzbekistan,31,Azerbaijan,Export,4,1,
774,860,Uzbekistan,398,Kazakhstan,Import,194965360,83104610,83104610.0
775,860,Uzbekistan,643,Russian Federation,Import,145772423,62135962,62135962.0
776,860,Uzbekistan,643,Russian Federation,Export,198,80,
777,860,Uzbekistan,710,South Africa,Export,35,14,
778,860,Uzbekistan,762,Tajikistan,Import,407849,173846,173846.0
779,860,Uzbekistan,826,United Kingdom,Export,8,3,
